-- seed data, código maioritariamente gerado por IA por questão de sanidade
-- O prompt principal foi parecido com: "gera dados de seed para a base de dados com mais de 40 registos [descrição da base de dados]"

-- Tem no mínimo de 40 registros por tabela principal
-- Para este efeito não é possivel ter um prato com 40 ingredientes nem um restaurante com 40 pratos etc

USE food_delivery;

-- Limpa dados existentes (se houver)
SET FOREIGN_KEY_CHECKS = 0;
DELETE FROM pratos_ingredientes;
DELETE FROM pedidos_pratos;
DELETE FROM entregas;
DELETE FROM pedidos;
DELETE FROM moradas_entrega;
DELETE FROM pratos;
DELETE FROM restaurantes;
DELETE FROM clientes;
DELETE FROM ingredientes;
SET FOREIGN_KEY_CHECKS = 1;


-- RESTAURANTES 
INSERT INTO restaurantes (nome, morada, telefone, especialidade, tempo_medio_preparacao, taxa_entrega, pedido_minimo, ativo) VALUES
('Pizzaria Bella Napoli', 'Rua das Flores, 123', '211234567', 'Italiana', 30, 2.50, 12.00, TRUE),
('Burger Master', 'Avenida da Liberdade, 45', '213456789', 'Hambúrgueres', 30, 2.00, 10.00, TRUE),
('Tokyo Sushi Bar', 'Rua do Ouro, 78', '218765432', 'Japonesa', 30, 3.00, 15.00, TRUE),
('Pasta Amore', 'Praça do Comércio, 12', '215432198', 'Italiana', 30, 2.50, 12.00, TRUE),
('Vegan Paradise', 'Rua dos Anjos, 56', '219876543', 'Vegetariana', 30, 2.00, 10.00, TRUE),
('Taco Loco', 'Rua da Prata, 89', '211111111', 'Mexicana', 30, 2.50, 8.00, TRUE),
('Curry House', 'Rua de São Bento, 234', '212222222', 'Indiana', 30, 3.00, 12.00, TRUE),
('Noodle Express', 'Avenida de Roma, 67', '213333333', 'Asiática', 30, 2.00, 9.00, TRUE),
('Steak House', 'Rua do Alecrim, 45', '214444444', 'Carnes', 30, 3.50, 20.00, TRUE),
('Seafood Palace', 'Rua das Pedras Negras, 12', '215555555', 'Marisco', 30, 4.00, 25.00, TRUE),
('Pizzaria Romana', 'Rua de Santa Catarina, 234', '226666666', 'Italiana', 30, 2.50, 11.00, TRUE),
('Burger King Clone', 'Avenida da Boavista, 500', '227777777', 'Hambúrgueres', 30, 2.00, 8.00, TRUE),
('Sushi Zen', 'Rua de Cedofeita, 123', '228888888', 'Japonesa', 30, 3.50, 18.00, TRUE),
('Pasta Fresca', 'Rua do Almada, 456', '229999999', 'Italiana', 30, 2.50, 12.00, TRUE),
('Green Garden', 'Rua de Camões, 789', '220000000', 'Vegetariana', 30, 2.00, 10.00, TRUE),
('Taco Fiesta', 'Rua de Fernandes Tomás, 321', '221111111', 'Mexicana', 30, 2.50, 9.00, TRUE),
('Spice Route', 'Rua de Mouzinho da Silveira, 654', '222222222', 'Indiana', 30, 3.00, 13.00, TRUE),
('Wok Express', 'Rua de Sá da Bandeira, 987', '223333333', 'Asiática', 30, 2.00, 10.00, TRUE),
('Meat & Co', 'Rua de Passos Manuel, 147', '224444444', 'Carnes', 30, 3.50, 22.00, TRUE),
('Ocean Fresh', 'Rua de Belomonte, 258', '225555555', 'Marisco', 30, 4.00, 24.00, TRUE),
('Pizza Corner', 'Rua de São João, 369', '239666666', 'Italiana', 30, 2.00, 9.00, TRUE),
('Burger Spot', 'Rua da Sofia, 741', '239777777', 'Hambúrgueres', 30, 2.50, 10.00, TRUE),
('Sushi Time', 'Rua Ferreira Borges, 852', '239888888', 'Japonesa', 30, 3.00, 15.00, TRUE),
('Pasta Bella', 'Praça 8 de Maio, 963', '239999999', 'Italiana', 30, 2.50, 11.00, TRUE),
('Veggie World', 'Rua Visconde da Luz, 147', '239000000', 'Vegetariana', 30, 2.00, 9.00, TRUE),
('Taco Time', 'Rua do Brasil, 258', '239111111', 'Mexicana', 30, 2.50, 8.00, TRUE),
('Curry Express', 'Rua da Matemática, 369', '239222222', 'Indiana', 30, 3.00, 12.00, TRUE),
('Noodle Bar', 'Rua dos Combatentes, 741', '239333333', 'Asiática', 30, 2.00, 9.00, TRUE),
('Steak & Grill', 'Rua da Alegria, 852', '239444444', 'Carnes', 30, 3.50, 21.00, TRUE),
('Fish Market', 'Rua da Moeda, 963', '239555555', 'Marisco', 30, 4.00, 23.00, TRUE),
('Pizza Express', 'Rua do Comércio, 123', '289666666', 'Italiana', 30, 2.50, 10.00, TRUE),
('Burger Joint', 'Rua de Santo António, 456', '289777777', 'Hambúrgueres', 30, 2.00, 9.00, TRUE),
('Sushi Delight', 'Rua da República, 789', '289888888', 'Japonesa', 30, 3.50, 16.00, TRUE),
('Pasta House', 'Rua do Prior, 321', '289999999', 'Italiana', 30, 2.50, 11.00, TRUE),
('Green Life', 'Rua de São Luís, 654', '289000000', 'Vegetariana', 30, 2.00, 10.00, TRUE),
('Taco Bell Clone', 'Rua da Cadeia, 987', '289111111', 'Mexicana', 30, 2.50, 8.00, TRUE),
('Curry Corner', 'Rua do Alportel, 147', '289222222', 'Indiana', 30, 3.00, 13.00, TRUE),
('Asian Fusion', 'Rua de São Pedro, 258', '289333333', 'Asiática', 30, 2.00, 10.00, TRUE),
('Meat Lovers', 'Rua da Misericórdia, 369', '289444444', 'Carnes', 30, 3.50, 20.00, TRUE),
('Sea Breeze', 'Rua da Praia, 741', '289555555', 'Marisco', 30, 4.00, 25.00, TRUE);


-- PRATOS 
INSERT INTO pratos (restaurante_id, nome, descricao, preco, tempo_preparacao, disponivel, vegetariano, vegan, sem_gluten) VALUES
-- Restaurante 1 (Pizzaria Bella Napoli)
(1, 'Pizza Margherita', 'Molho de tomate, mozzarella e manjericão', 8.50, 20, TRUE, TRUE, FALSE, FALSE),
(1, 'Pizza Pepperoni', 'Molho de tomate, mozzarella e pepperoni', 10.00, 20, TRUE, FALSE, FALSE, FALSE),
(1, 'Pizza 4 Queijos', 'Mozzarella, gorgonzola, parmesão e queijo de cabra', 11.50, 20, TRUE, TRUE, FALSE, FALSE),
(1, 'Pizza Napolitana', 'Tomate, mozzarella, alcaparras e azeitonas', 9.50, 20, TRUE, TRUE, FALSE, FALSE),
(1, 'Pizza Calabresa', 'Mozzarella, calabresa e cebola', 10.50, 20, TRUE, FALSE, FALSE, FALSE),
-- Restaurante 2 (Burger Master)
(2, 'Master Burger', 'Hambúrguer 200g, queijo, bacon, alface, tomate', 9.50, 20, TRUE, FALSE, FALSE, FALSE),
(2, 'Cheese Deluxe', 'Hambúrguer 180g com duplo queijo', 8.00, 20, TRUE, FALSE, FALSE, FALSE),
(2, 'Veggie Burger', 'Hambúrguer vegetariano de grão', 7.50, 20, TRUE, TRUE, FALSE, FALSE),
(2, 'Chicken Burger', 'Hambúrguer de frango grelhado', 8.50, 20, TRUE, FALSE, FALSE, FALSE),
(2, 'BBQ Burger', 'Hambúrguer com molho BBQ', 9.00, 20, TRUE, FALSE, FALSE, FALSE),
-- Restaurante 3 (Tokyo Sushi Bar)
(3, 'Sushi Salmão (8 peças)', 'Nigiri de salmão fresco', 12.00, 20, TRUE, FALSE, FALSE, FALSE),
(3, 'Sushi Atum (8 peças)', 'Nigiri de atum vermelho', 13.50, 20, TRUE, FALSE, FALSE, FALSE),
(3, 'California Roll', 'Surimi, abacate e pepino', 9.50, 20, TRUE, FALSE, FALSE, FALSE),
(3, 'Sashimi Mix', 'Variedade de sashimi', 15.00, 20, TRUE, FALSE, FALSE, FALSE),
(3, 'Temaki Salmão', 'Cone de salmão com arroz', 8.50, 20, TRUE, FALSE, FALSE, FALSE),
-- Restaurante 4 (Pasta Amore)
(4, 'Spaghetti Carbonara', 'Massa com bacon, ovo e parmesão', 10.50, 20, TRUE, FALSE, FALSE, FALSE),
(4, 'Lasanha Bolonhesa', 'Lasanha tradicional com carne', 11.00, 20, TRUE, FALSE, FALSE, FALSE),
(4, 'Penne Arrabbiata', 'Massa com molho picante', 9.00, 20, TRUE, TRUE, FALSE, FALSE),
(4, 'Fettuccine Alfredo', 'Massa com molho cremoso', 10.00, 20, TRUE, TRUE, FALSE, FALSE),
(4, 'Ravioli de Queijo', 'Ravioli recheado com queijo', 11.50, 20, TRUE, TRUE, FALSE, FALSE),
-- Restaurante 5 (Vegan Paradise)
(5, 'Buddha Bowl', 'Bowl vegetariano completo', 8.50, 20, TRUE, TRUE, TRUE, FALSE),
(5, 'Burger Vegan', 'Hambúrguer 100% vegetal', 9.00, 20, TRUE, TRUE, TRUE, FALSE),
(5, 'Wrap de Falafel', 'Wrap com falafel e hummus', 7.00, 20, TRUE, TRUE, TRUE, FALSE),
(5, 'Salada Quinoa', 'Salada com quinoa e legumes', 8.00, 20, TRUE, TRUE, TRUE, FALSE),
(5, 'Curry de Grão', 'Curry vegetariano com grão', 9.50, 20, TRUE, TRUE, TRUE, FALSE),
-- Restaurante 6 (Taco Loco)
(6, 'Taco de Carne', 'Taco com carne temperada', 4.50, 20, TRUE, FALSE, FALSE, FALSE),
(6, 'Taco de Frango', 'Taco com frango grelhado', 4.00, 20, TRUE, FALSE, FALSE, FALSE),
(6, 'Burrito Grande', 'Burrito recheado completo', 7.50, 20, TRUE, FALSE, FALSE, FALSE),
(6, 'Quesadilla', 'Quesadilla com queijo', 5.50, 20, TRUE, TRUE, FALSE, FALSE),
(6, 'Nachos', 'Nachos com queijo e jalapeños', 6.00, 20, TRUE, TRUE, FALSE, FALSE),
-- Restaurante 7 (Curry House)
(7, 'Chicken Curry', 'Curry de frango picante', 10.50, 20, TRUE, FALSE, FALSE, FALSE),
(7, 'Lamb Curry', 'Curry de borrego', 12.00, 20, TRUE, FALSE, FALSE, FALSE),
(7, 'Vegetable Curry', 'Curry vegetariano', 9.00, 20, TRUE, TRUE, FALSE, FALSE),
(7, 'Butter Chicken', 'Frango com molho de manteiga', 11.00, 20, TRUE, FALSE, FALSE, FALSE),
(7, 'Biryani', 'Arroz biryani com especiarias', 10.00, 20, TRUE, FALSE, FALSE, FALSE),
-- Restaurante 8 (Noodle Express)
(8, 'Pad Thai', 'Noodles tailandeses com camarão', 9.50, 20, TRUE, FALSE, FALSE, FALSE),
(8, 'Ramen', 'Ramen tradicional', 10.00, 20, TRUE, FALSE, FALSE, FALSE),
(8, 'Chow Mein', 'Noodles salteados', 8.50, 20, TRUE, FALSE, FALSE, FALSE),
(8, 'Udon', 'Noodles udon com caldo', 9.00, 20, TRUE, FALSE, FALSE, FALSE),
(8, 'Lo Mein', 'Noodles com legumes', 8.00, 20, TRUE, TRUE, FALSE, FALSE),
-- Restaurante 9 (Steak House)
(9, 'Ribeye Steak', 'Bife de costela grelhado', 18.00, 20, TRUE, FALSE, FALSE, FALSE),
(9, 'Filet Mignon', 'Filete mignon', 20.00, 20, TRUE, FALSE, FALSE, FALSE),
(9, 'T-Bone Steak', 'Bife T-bone', 22.00, 20, TRUE, FALSE, FALSE, FALSE),
(9, 'Picanha', 'Picanha brasileira', 19.00, 20, TRUE, FALSE, FALSE, FALSE),
(9, 'Churrasco Mix', 'Mix de carnes grelhadas', 21.00, 20, TRUE, FALSE, FALSE, FALSE),
-- Restaurante 10 (Seafood Palace)
(10, 'Arroz de Marisco', 'Arroz com marisco fresco', 16.00, 20, TRUE, FALSE, FALSE, FALSE),
(10, 'Cataplana', 'Cataplana de marisco', 18.00, 20, TRUE, FALSE, FALSE, FALSE),
(10, 'Salmão Grelhado', 'Salmão grelhado com legumes', 15.00, 20, TRUE, FALSE, FALSE, FALSE),
(10, 'Lagosta', 'Lagosta grelhada', 25.00, 20, TRUE, FALSE, FALSE, FALSE),
(10, 'Sardinhas Assadas', 'Sardinhas assadas no forno', 12.00, 20, TRUE, FALSE, FALSE, FALSE);

-- Mais PRATOS para chegar aos 40
INSERT INTO pratos (restaurante_id, nome, descricao, preco, tempo_preparacao, disponivel, vegetariano, vegan, sem_gluten) VALUES
-- restaurantes 11-20 - adicionar 2º prato)
(11, 'Pizza Quattro Stagioni', 'Pizza das 4 estações', 11.00, 20, TRUE, FALSE, FALSE, FALSE),
(11, 'Pizza Diavola', 'Pizza picante com salame', 10.50, 20, TRUE, FALSE, FALSE, FALSE),
(12, 'Double Cheese Burger', 'Hambúrguer com duplo queijo', 9.50, 20, TRUE, FALSE, FALSE, FALSE),
(12, 'Bacon Deluxe', 'Hambúrguer com bacon crocante', 10.00, 20, TRUE, FALSE, FALSE, FALSE),
(13, 'Sushi Mix (12 peças)', 'Mix de sushi variado', 14.00, 20, TRUE, FALSE, FALSE, FALSE),
(13, 'Dragon Roll', 'Roll com salmão grelhado', 12.50, 20, TRUE, FALSE, FALSE, FALSE),
(14, 'Spaghetti Aglio e Olio', 'Massa com alho e azeite', 8.50, 20, TRUE, TRUE, FALSE, FALSE),
(14, 'Risotto de Cogumelos', 'Risotto cremoso com cogumelos', 10.50, 20, TRUE, TRUE, FALSE, FALSE),
(15, 'Tofu Scramble', 'Tofu mexido com legumes', 8.00, 20, TRUE, TRUE, TRUE, FALSE),
(15, 'Bowl de Quinoa', 'Bowl com quinoa e legumes', 9.00, 20, TRUE, TRUE, TRUE, FALSE),
(16, 'Taco de Peixe', 'Taco com peixe grelhado', 5.00, 20, TRUE, FALSE, FALSE, FALSE),
(16, 'Burrito de Carne', 'Burrito recheado com carne', 8.00, 20, TRUE, FALSE, FALSE, FALSE),
(17, 'Paneer Curry', 'Curry de queijo indiano', 9.50, 20, TRUE, TRUE, FALSE, FALSE),
(17, 'Dal Tadka', 'Lentilhas temperadas', 8.50, 20, TRUE, TRUE, TRUE, FALSE),
(18, 'Pho', 'Sopa vietnamita com noodles', 9.00, 20, TRUE, FALSE, FALSE, FALSE),
(18, 'Pad See Ew', 'Noodles salteados com molho escuro', 9.50, 20, TRUE, FALSE, FALSE, FALSE),
(19, 'Pork Chops', 'Costeletas de porco', 16.00, 20, TRUE, FALSE, FALSE, FALSE),
(19, 'Ribeye Steak', 'Bife de costela grelhado', 18.00, 20, TRUE, FALSE, FALSE, FALSE),
(20, 'Polvo à Lagareiro', 'Polvo grelhado com batatas', 14.00, 20, TRUE, FALSE, FALSE, FALSE),
(20, 'Arroz de Tamboril', 'Arroz com tamboril', 15.50, 20, TRUE, FALSE, FALSE, FALSE),
-- Restaurantes 21-40 (2 pratos cada)
(21, 'Pizza Capricciosa', 'Pizza com presunto e cogumelos', 10.00, 20, TRUE, FALSE, FALSE, FALSE),
(21, 'Pizza Prosciutto', 'Pizza com presunto italiano', 10.50, 20, TRUE, FALSE, FALSE, FALSE),
(22, 'Classic Burger', 'Hambúrguer clássico', 8.50, 20, TRUE, FALSE, FALSE, FALSE),
(22, 'Chicken Deluxe', 'Hambúrguer de frango especial', 9.00, 20, TRUE, FALSE, FALSE, FALSE),
(23, 'Sashimi Salmão', 'Sashimi de salmão fresco', 13.00, 20, TRUE, FALSE, FALSE, FALSE),
(23, 'Ebi Tempura', 'Camarão empanado', 11.00, 20, TRUE, FALSE, FALSE, FALSE),
(24, 'Penne alla Vodka', 'Massa com molho de vodka', 9.50, 20, TRUE, FALSE, FALSE, FALSE),
(24, 'Gnocchi Gorgonzola', 'Gnocchi com queijo gorgonzola', 10.00, 20, TRUE, TRUE, FALSE, FALSE),
(25, 'Veggie Wrap', 'Wrap vegetariano completo', 7.50, 20, TRUE, TRUE, TRUE, FALSE),
(25, 'Smoothie Bowl', 'Bowl de smoothie com frutas', 8.50, 20, TRUE, TRUE, TRUE, FALSE),
(26, 'Taco de Vegetais', 'Taco vegetariano', 4.50, 20, TRUE, TRUE, FALSE, FALSE),
(26, 'Nachos Supreme', 'Nachos com todos os acompanhamentos', 7.00, 20, TRUE, TRUE, FALSE, FALSE),
(27, 'Chicken Tikka Masala', 'Frango com molho cremoso', 10.50, 20, TRUE, FALSE, FALSE, FALSE),
(27, 'Samosa', 'Pastéis indianos fritos', 5.00, 20, TRUE, TRUE, FALSE, FALSE),
(28, 'Pad Thai Vegetariano', 'Pad Thai sem carne', 8.50, 20, TRUE, TRUE, FALSE, FALSE),
(28, 'Spring Rolls', 'Rolos primavera', 6.50, 20, TRUE, TRUE, FALSE, FALSE),
(29, 'T-Bone Steak', 'Bife T-bone grelhado', 22.00, 20, TRUE, FALSE, FALSE, FALSE),
(29, 'Ribs BBQ', 'Costelas com molho BBQ', 19.00, 20, TRUE, FALSE, FALSE, FALSE),
(30, 'Cataplana de Marisco', 'Cataplana tradicional', 18.00, 20, TRUE, FALSE, FALSE, FALSE),
(30, 'Salmão no Forno', 'Salmão assado com ervas', 16.00, 20, TRUE, FALSE, FALSE, FALSE),
(31, 'Pizza Marinara', 'Pizza com alho e orégãos', 8.00, 20, TRUE, TRUE, FALSE, FALSE),
(31, 'Pizza Funghi', 'Pizza com cogumelos', 9.00, 20, TRUE, TRUE, FALSE, FALSE),
(32, 'Mega Burger', 'Hambúrguer gigante', 10.50, 20, TRUE, FALSE, FALSE, FALSE),
(32, 'Fish Burger', 'Hambúrguer de peixe', 9.50, 20, TRUE, FALSE, FALSE, FALSE),
(33, 'Sushi Platter', 'Tabuleiro de sushi variado', 16.00, 20, TRUE, FALSE, FALSE, FALSE),
(33, 'Maki Roll Mix', 'Mix de maki rolls', 12.00, 20, TRUE, FALSE, FALSE, FALSE),
(34, 'Tagliatelle Carbonara', 'Massa com carbonara', 10.50, 20, TRUE, FALSE, FALSE, FALSE),
(34, 'Penne Arrabbiata', 'Massa com molho picante', 9.00, 20, TRUE, TRUE, FALSE, FALSE),
(35, 'Acai Bowl', 'Bowl de açaí com frutas', 8.00, 20, TRUE, TRUE, TRUE, FALSE),
(35, 'Green Smoothie', 'Smoothie verde detox', 7.50, 20, TRUE, TRUE, TRUE, FALSE),
(36, 'Taco Trio', '3 tacos variados', 12.00, 20, TRUE, FALSE, FALSE, FALSE),
(36, 'Quesadilla Grande', 'Quesadilla grande recheada', 8.50, 20, TRUE, TRUE, FALSE, FALSE),
(37, 'Lamb Vindaloo', 'Carneiro com curry picante', 12.50, 20, TRUE, FALSE, FALSE, FALSE),
(37, 'Naan Bread', 'Pão indiano tradicional', 3.50, 20, TRUE, TRUE, FALSE, FALSE),
(38, 'Beef Noodles', 'Noodles com carne', 10.00, 20, TRUE, FALSE, FALSE, FALSE),
(38, 'Dumplings', 'Bolinhos cozidos no vapor', 7.50, 20, TRUE, FALSE, FALSE, FALSE),
(39, 'Wagyu Steak', 'Bife wagyu premium', 35.00, 20, TRUE, FALSE, FALSE, FALSE),
(39, 'Filet Mignon', 'Filete mignon grelhado', 24.00, 20, TRUE, FALSE, FALSE, FALSE),
(40, 'Lagosta Grelhada', 'Lagosta grelhada inteira', 28.00, 20, TRUE, FALSE, FALSE, FALSE),
(40, 'Amêijoas à Bulhão Pato', 'Amêijoas com alho e coentros', 13.00, 20, TRUE, FALSE, FALSE, FALSE);


-- CLIENTES (40+ registros)
INSERT INTO clientes (nome, email, telefone, ativo) VALUES
('João Silva', 'joao.silva@email.pt', '912345678', TRUE),
('Maria Santos', 'maria.santos@email.pt', '923456789', TRUE),
('Pedro Costa', 'pedro.costa@email.pt', '934567890', TRUE),
('Ana Rodrigues', 'ana.rodrigues@email.pt', '945678901', TRUE),
('Carlos Ferreira', 'carlos.ferreira@email.pt', '956789012', TRUE),
('Sofia Almeida', 'sofia.almeida@email.pt', '967890123', TRUE),
('Ricardo Oliveira', 'ricardo.oliveira@email.pt', '978901234', TRUE),
('Beatriz Sousa', 'beatriz.sousa@email.pt', '989012345', TRUE),
('Miguel Pereira', 'miguel.pereira@email.pt', '990123456', TRUE),
('Inês Martins', 'ines.martins@email.pt', '901234567', TRUE),
('Francisco Lima', 'francisco.lima@email.pt', '912345679', TRUE),
('Carolina Rocha', 'carolina.rocha@email.pt', '923456790', TRUE),
('Diogo Gomes', 'diogo.gomes@email.pt', '934567901', TRUE),
('Rita Carvalho', 'rita.carvalho@email.pt', '945678912', TRUE),
('André Mendes', 'andre.mendes@email.pt', '956789023', TRUE),
('Mariana Teixeira', 'mariana.teixeira@email.pt', '967890134', TRUE),
('Gonçalo Nunes', 'goncalo.nunes@email.pt', '978901245', TRUE),
('Catarina Lopes', 'catarina.lopes@email.pt', '989012356', TRUE),
('Tomás Ribeiro', 'tomas.ribeiro@email.pt', '990123467', TRUE),
('Laura Monteiro', 'laura.monteiro@email.pt', '901234578', TRUE),
('Rafael Dias', 'rafael.dias@email.pt', '912345689', TRUE),
('Matilde Correia', 'matilde.correia@email.pt', '923456790', TRUE),
('Leonor Azevedo', 'leonor.azevedo@email.pt', '934567901', TRUE),
('Rodrigo Pinheiro', 'rodrigo.pinheiro@email.pt', '945678912', TRUE),
('Margarida Coelho', 'margarida.coelho@email.pt', '956789023', TRUE),
('Afonso Morais', 'afonso.morais@email.pt', '967890134', TRUE),
('Clara Pacheco', 'clara.pacheco@email.pt', '978901245', TRUE),
('Bernardo Ramos', 'bernardo.ramos@email.pt', '989012356', TRUE),
('Isabela Henriques', 'isabela.henriques@email.pt', '990123467', TRUE),
('Gabriel Matos', 'gabriel.matos@email.pt', '901234578', TRUE),
('Luísa Barros', 'luisa.barros@email.pt', '912345689', TRUE),
('Henrique Campos', 'henrique.campos@email.pt', '923456790', TRUE),
('Bianca Fonseca', 'bianca.fonseca@email.pt', '934567901', TRUE),
('Vasco Machado', 'vasco.machado@email.pt', '945678912', TRUE),
('Diana Araújo', 'diana.araujo@email.pt', '956789023', TRUE),
('Filipe Tavares', 'filipe.tavares@email.pt', '967890134', TRUE),
('Mafalda Cardoso', 'mafalda.cardoso@email.pt', '978901245', TRUE),
('Bruno Freitas', 'bruno.freitas@email.pt', '989012356', TRUE),
('Teresa Vaz', 'teresa.vaz@email.pt', '990123467', TRUE),
('Alexandre Borges', 'alexandre.borges@email.pt', '901234578', TRUE),
('Raquel Neves', 'raquel.neves@email.pt', '912345680', TRUE),
('Nuno Guerreiro', 'nuno.guerreiro@email.pt', '923456791', TRUE),
('Patrícia Leal', 'patricia.leal@email.pt', '934567902', TRUE),
('Hugo Cordeiro', 'hugo.cordeiro@email.pt', '945678913', TRUE),
('Cristina Paiva', 'cristina.paiva@email.pt', '956789024', TRUE);


-- MORADAS DE ENTREGA 
INSERT INTO moradas_entrega (cliente_id, morada, codigo_postal, cidade, tipo) VALUES
(1, 'Rua das Flores, 123', '4000-123', 'Porto', 'Casa'),
(2, 'Avenida da Liberdade, 45', '1250-096', 'Lisboa', 'Casa'),
(3, 'Rua do Ouro, 78', '1100-061', 'Lisboa', 'Trabalho'),
(4, 'Praça do Comércio, 12', '1100-148', 'Lisboa', 'Casa'),
(5, 'Rua dos Anjos, 56', '1150-017', 'Lisboa', 'Casa'),
(6, 'Rua da Prata, 89', '1100-417', 'Lisboa', 'Trabalho'),
(7, 'Rua de São Bento, 234', '1200-821', 'Lisboa', 'Casa'),
(8, 'Avenida de Roma, 67', '1700-315', 'Lisboa', 'Casa'),
(9, 'Rua do Alecrim, 45', '1200-016', 'Lisboa', 'Trabalho'),
(10, 'Rua das Pedras Negras, 12', '1100-404', 'Lisboa', 'Casa'),
(11, 'Rua de Santa Catarina, 234', '4000-450', 'Porto', 'Casa'),
(12, 'Avenida da Boavista, 500', '4100-139', 'Porto', 'Casa'),
(13, 'Rua de Cedofeita, 123', '4050-179', 'Porto', 'Trabalho'),
(14, 'Rua do Almada, 456', '4000-196', 'Porto', 'Casa'),
(15, 'Rua de Camões, 789', '4000-138', 'Porto', 'Casa'),
(16, 'Rua de Fernandes Tomás, 321', '4000-214', 'Porto', 'Trabalho'),
(17, 'Rua de Mouzinho da Silveira, 654', '4050-416', 'Porto', 'Casa'),
(18, 'Rua de Sá da Bandeira, 987', '4000-427', 'Porto', 'Casa'),
(19, 'Rua de Passos Manuel, 147', '4000-382', 'Porto', 'Trabalho'),
(20, 'Rua de Belomonte, 258', '4050-428', 'Porto', 'Casa'),
(21, 'Rua de São João, 369', '3000-123', 'Coimbra', 'Casa'),
(22, 'Rua da Sofia, 741', '3000-456', 'Coimbra', 'Casa'),
(23, 'Rua Ferreira Borges, 852', '3000-789', 'Coimbra', 'Trabalho'),
(24, 'Praça 8 de Maio, 963', '3000-012', 'Coimbra', 'Casa'),
(25, 'Rua Visconde da Luz, 147', '3000-345', 'Coimbra', 'Casa'),
(26, 'Rua do Brasil, 258', '3000-678', 'Coimbra', 'Trabalho'),
(27, 'Rua da Matemática, 369', '3000-901', 'Coimbra', 'Casa'),
(28, 'Rua dos Combatentes, 741', '3000-234', 'Coimbra', 'Casa'),
(29, 'Rua da Alegria, 852', '3000-567', 'Coimbra', 'Trabalho'),
(30, 'Rua da Moeda, 963', '3000-890', 'Coimbra', 'Casa'),
(31, 'Rua do Comércio, 123', '8000-123', 'Faro', 'Casa'),
(32, 'Rua de Santo António, 456', '8000-456', 'Faro', 'Casa'),
(33, 'Rua da República, 789', '8000-789', 'Faro', 'Trabalho'),
(34, 'Rua do Prior, 321', '8000-012', 'Faro', 'Casa'),
(35, 'Rua de São Luís, 654', '8000-345', 'Faro', 'Casa'),
(36, 'Rua da Cadeia, 987', '8000-678', 'Faro', 'Trabalho'),
(37, 'Rua do Alportel, 147', '8000-901', 'Faro', 'Casa'),
(38, 'Rua de São Pedro, 258', '8000-234', 'Faro', 'Casa'),
(39, 'Rua da Misericórdia, 369', '8000-567', 'Faro', 'Trabalho'),
(40, 'Rua da Praia, 741', '8000-890', 'Faro', 'Casa'),
(41, 'Rua Nova, 852', '4000-500', 'Porto', 'Casa'),
(42, 'Avenida Central, 963', '1250-200', 'Lisboa', 'Casa'),
(43, 'Rua Principal, 147', '3000-600', 'Coimbra', 'Trabalho'),
(44, 'Rua Secundária, 258', '8000-700', 'Faro', 'Casa'),
(45, 'Rua Terciária, 369', '4000-800', 'Porto', 'Casa');

-- PEDIDOS 
INSERT INTO pedidos (cliente_id, restaurante_id, morada_entrega_id, codigo_pedido, subtotal, taxa_entrega, total, metodo_pagamento, estado, observacoes) VALUES
(1, 1, 1, 'PED001', 19.00, 2.50, 21.50, 'mbway', 'entregue', 'Sem cebola'),
(2, 2, 2, 'PED002', 17.50, 2.00, 19.50, 'cartao', 'entregue', NULL),
(3, 3, 3, 'PED003', 25.00, 3.00, 28.00, 'mbway', 'a_preparar', NULL),
(4, 4, 4, 'PED004', 14.00, 2.50, 16.50, 'dinheiro', 'pendente', 'Bem passado'),
(5, 5, 5, 'PED005', 16.50, 2.00, 18.50, 'cartao', 'confirmado', NULL),
(6, 6, 6, 'PED006', 12.00, 2.50, 14.50, 'mbway', 'entregue', NULL),
(7, 7, 7, 'PED007', 20.00, 3.00, 23.00, 'cartao', 'a_preparar', 'Pouco picante'),
(8, 8, 8, 'PED008', 18.00, 2.00, 20.00, 'dinheiro', 'pendente', NULL),
(9, 9, 9, 'PED009', 40.00, 3.50, 43.50, 'cartao', 'confirmado', 'Mal passado'),
(10, 10, 10, 'PED010', 30.00, 4.00, 34.00, 'mbway', 'entregue', NULL),
(11, 11, 11, 'PED011', 22.00, 2.50, 24.50, 'cartao', 'a_preparar', NULL),
(12, 12, 12, 'PED012', 19.00, 2.00, 21.00, 'dinheiro', 'pendente', NULL),
(13, 13, 13, 'PED013', 28.00, 3.50, 31.50, 'mbway', 'confirmado', NULL),
(14, 14, 14, 'PED014', 17.00, 2.50, 19.50, 'cartao', 'entregue', NULL),
(15, 15, 15, 'PED015', 18.00, 2.00, 20.00, 'mbway', 'a_preparar', NULL),
(16, 16, 16, 'PED016', 14.00, 2.50, 16.50, 'dinheiro', 'pendente', NULL),
(17, 17, 17, 'PED017', 24.00, 3.00, 27.00, 'cartao', 'confirmado', NULL),
(18, 18, 18, 'PED018', 20.00, 2.00, 22.00, 'mbway', 'entregue', NULL),
(19, 19, 19, 'PED019', 32.00, 3.50, 35.50, 'cartao', 'a_preparar', NULL),
(20, 20, 20, 'PED020', 28.00, 4.00, 32.00, 'mbway', 'pendente', NULL),
(21, 21, 21, 'PED021', 18.00, 2.00, 20.00, 'dinheiro', 'confirmado', NULL),
(22, 22, 22, 'PED022', 20.00, 2.50, 22.50, 'cartao', 'entregue', NULL),
(23, 23, 23, 'PED023', 30.00, 3.00, 33.00, 'mbway', 'a_preparar', NULL),
(24, 24, 24, 'PED024', 22.00, 2.50, 24.50, 'cartao', 'pendente', NULL),
(25, 25, 25, 'PED025', 18.00, 2.00, 20.00, 'dinheiro', 'confirmado', NULL),
(26, 26, 26, 'PED026', 16.00, 2.50, 18.50, 'mbway', 'entregue', NULL),
(27, 27, 27, 'PED027', 24.00, 3.00, 27.00, 'cartao', 'a_preparar', NULL),
(28, 28, 28, 'PED028', 18.00, 2.00, 20.00, 'mbway', 'pendente', NULL),
(29, 29, 29, 'PED029', 32.00, 3.50, 35.50, 'cartao', 'confirmado', NULL),
(30, 30, 30, 'PED030', 28.00, 4.00, 32.00, 'dinheiro', 'entregue', NULL),
(31, 31, 31, 'PED031', 20.00, 2.50, 22.50, 'mbway', 'a_preparar', NULL),
(32, 32, 32, 'PED032', 18.00, 2.00, 20.00, 'cartao', 'pendente', NULL),
(33, 33, 33, 'PED033', 28.00, 3.50, 31.50, 'mbway', 'confirmado', NULL),
(34, 34, 34, 'PED034', 22.00, 2.50, 24.50, 'cartao', 'entregue', NULL),
(35, 35, 35, 'PED035', 20.00, 2.00, 22.00, 'dinheiro', 'a_preparar', NULL),
(36, 36, 36, 'PED036', 16.00, 2.50, 18.50, 'mbway', 'pendente', NULL),
(37, 37, 37, 'PED037', 26.00, 3.00, 29.00, 'cartao', 'confirmado', NULL),
(38, 38, 38, 'PED038', 20.00, 2.00, 22.00, 'mbway', 'entregue', NULL),
(39, 39, 39, 'PED039', 32.00, 3.50, 35.50, 'cartao', 'a_preparar', NULL),
(40, 40, 40, 'PED040', 30.00, 4.00, 34.00, 'dinheiro', 'pendente', NULL),
(41, 1, 41, 'PED041', 19.00, 2.50, 21.50, 'mbway', 'confirmado', NULL),
(42, 2, 42, 'PED042', 17.50, 2.00, 19.50, 'cartao', 'entregue', NULL),
(43, 3, 43, 'PED043', 25.00, 3.00, 28.00, 'mbway', 'a_preparar', NULL),
(44, 4, 44, 'PED044', 14.00, 2.50, 16.50, 'dinheiro', 'pendente', NULL),
(45, 5, 45, 'PED045', 16.50, 2.00, 18.50, 'cartao', 'confirmado', NULL);

-- PEDIDOS_PRATOS (Relação m:n - múltiplos pratos por pedido)
INSERT INTO pedidos_pratos (pedido_id, prato_id, quantidade, preco_unitario, subtotal_item, observacoes) VALUES
-- Pedido 1: 2 pratos
(1, 1, 1, 8.50, 8.50, NULL),
(1, 2, 1, 10.00, 10.00, 'Sem cebola'),
-- Pedido 2: 2 pratos
(2, 6, 1, 9.50, 9.50, NULL),
(2, 7, 1, 8.00, 8.00, NULL),
-- Pedido 3: 2 pratos
(3, 11, 1, 12.00, 12.00, NULL),
(3, 12, 1, 13.50, 13.50, NULL),
-- Pedido 4: 1 prato
(4, 16, 1, 10.50, 10.50, 'Bem passado'),
(4, 18, 1, 9.00, 9.00, NULL),
-- Pedido 5: 2 pratos
(5, 21, 1, 8.50, 8.50, NULL),
(5, 22, 1, 9.00, 9.00, NULL),
-- Pedido 6: 2 pratos
(6, 26, 1, 4.50, 4.50, NULL),
(6, 27, 1, 4.00, 4.00, NULL),
(6, 28, 1, 7.50, 7.50, NULL),
-- Pedido 7: 2 pratos
(7, 31, 1, 10.50, 10.50, 'Pouco picante'),
(7, 32, 1, 12.00, 12.00, NULL),
-- Pedido 8: 2 pratos
(8, 36, 1, 9.50, 9.50, NULL),
(8, 37, 1, 10.00, 10.00, NULL),
-- Pedido 9: 2 pratos
(9, 41, 1, 18.00, 18.00, 'Mal passado'),
(9, 42, 1, 20.00, 20.00, NULL),
-- Pedido 10: 2 pratos
(10, 46, 1, 16.00, 16.00, NULL),
(10, 47, 1, 18.00, 18.00, NULL),
-- Pedido 11: 2 pratos
(11, 56, 1, 11.00, 11.00, NULL),
(11, 57, 1, 10.50, 10.50, NULL),
-- Pedido 12: 2 pratos
(12, 58, 1, 9.50, 9.50, NULL),
(12, 59, 1, 9.50, 9.50, NULL),
-- Pedido 13: 2 pratos
(13, 60, 1, 14.00, 14.00, NULL),
(13, 61, 1, 14.00, 14.00, NULL),
-- Pedido 14: 1 prato
(14, 62, 1, 8.50, 8.50, NULL),
(14, 63, 1, 8.50, 8.50, NULL),
-- Pedido 15: 2 pratos
(15, 64, 1, 8.00, 8.00, NULL),
(15, 65, 1, 9.00, 9.00, NULL),
-- Pedido 16: 2 pratos
(16, 66, 1, 4.50, 4.50, NULL),
(16, 67, 1, 4.50, 4.50, NULL),
(16, 68, 1, 7.50, 7.50, NULL),
-- Pedido 17: 2 pratos
(17, 69, 1, 9.50, 9.50, NULL),
(17, 70, 1, 9.50, 9.50, NULL),
-- Pedido 18: 2 pratos
(18, 71, 1, 9.00, 9.00, NULL),
(18, 72, 1, 9.00, 9.00, NULL),
-- Pedido 19: 2 pratos
(19, 73, 1, 16.00, 16.00, NULL),
(19, 74, 1, 16.00, 16.00, NULL),
-- Pedido 20: 2 pratos
(20, 75, 1, 14.00, 14.00, NULL),
(20, 76, 1, 14.00, 14.00, NULL),
-- Mais pedidos com múltiplos pratos
(21, 77, 1, 10.00, 10.00, NULL),
(21, 78, 1, 8.00, 8.00, NULL),
(22, 79, 1, 9.50, 9.50, NULL),
(22, 80, 1, 10.50, 10.50, NULL),
(23, 81, 1, 12.00, 12.00, NULL),
(23, 82, 1, 13.50, 13.50, NULL),
(24, 83, 1, 9.50, 9.50, NULL),
(24, 84, 1, 10.00, 10.00, NULL),
(25, 85, 1, 8.00, 8.00, NULL),
(25, 86, 1, 9.00, 9.00, NULL),
(26, 87, 1, 4.50, 4.50, NULL),
(26, 88, 1, 4.00, 4.00, NULL),
(26, 89, 1, 7.50, 7.50, NULL),
(27, 90, 1, 10.50, 10.50, NULL),
(27, 91, 1, 12.00, 12.00, NULL),
(28, 92, 1, 9.00, 9.00, NULL),
(28, 93, 1, 9.00, 9.00, NULL),
(29, 94, 1, 18.00, 18.00, NULL),
(29, 95, 1, 20.00, 20.00, NULL),
(30, 96, 1, 16.00, 16.00, NULL),
(30, 97, 1, 18.00, 18.00, NULL),
(31, 98, 1, 10.00, 10.00, NULL),
(31, 99, 1, 10.00, 10.00, NULL),
(32, 100, 1, 8.50, 8.50, NULL),
(32, 101, 1, 9.50, 9.50, NULL),
(33, 102, 1, 14.00, 14.00, NULL),
(33, 103, 1, 14.00, 14.00, NULL),
(34, 104, 1, 10.50, 10.50, NULL),
(34, 105, 1, 9.00, 9.00, NULL),
(35, 106, 1, 8.00, 8.00, NULL),
(35, 107, 1, 9.00, 9.00, NULL),
(36, 108, 1, 4.50, 4.50, NULL),
(36, 109, 1, 4.50, 4.50, NULL),
(36, 110, 1, 7.00, 7.00, NULL),
(37, 1, 2, 8.50, 17.00, NULL),
(37, 3, 1, 11.50, 11.50, NULL),
(38, 6, 1, 9.50, 9.50, NULL),
(38, 8, 1, 7.50, 7.50, NULL),
(39, 11, 2, 12.00, 24.00, NULL),
(40, 16, 1, 10.50, 10.50, NULL),
(40, 17, 1, 11.00, 11.00, NULL),
(41, 21, 1, 8.50, 8.50, NULL),
(41, 22, 1, 9.00, 9.00, NULL),
(42, 26, 1, 4.50, 4.50, NULL),
(42, 27, 1, 4.00, 4.00, NULL),
(42, 28, 1, 7.50, 7.50, NULL),
(43, 31, 1, 10.50, 10.50, NULL),
(43, 32, 1, 12.00, 12.00, NULL),
(44, 36, 1, 9.50, 9.50, NULL),
(44, 37, 1, 10.00, 10.00, NULL),
(45, 41, 1, 8.50, 8.50, NULL),
(45, 42, 1, 9.00, 9.00, NULL);


-- INGREDIENTES 
INSERT INTO ingredientes (nome) VALUES
('Tomate'), ('Mozzarella'), ('Manjericão'), ('Pepperoni'),
('Queijo Cheddar'), ('Bacon'), ('Alface'), ('Carne de Vaca'),
('Salmão'), ('Atum'), ('Arroz'), ('Abacate'),
('Massa Fresca'), ('Ovo'), ('Parmesão'), ('Grão'),
('Cebola'), ('Alho'), ('Pimenta'), ('Azeite'),
('Limão'), ('Coentros'), ('Gengibre'), ('Curry'),
('Leite de Coco'), ('Frango'), ('Porco'), ('Borrego'),
('Camarão'), ('Polvo'), ('Lula'), ('Lagosta'),
('Queijo Feta'), ('Azeitonas'), ('Pimentos'), ('Cogumelos'),
('Espinafres'), ('Brócolos'), ('Cenoura'), ('Batata'),
('Tofu'), ('Seitan'), ('Quinoa'), ('Couscous'),
('Feijão Preto'), ('Grão-de-bico'), ('Lentilhas');

-- ENTREGAS
INSERT INTO entregas (cliente_id, restaurante_id, morada_entrega_id, estado) VALUES
(1, 1, 1, 'entregue'),
(2, 2, 2, 'entregue'),
(3, 3, 3, 'a_caminho'),
(4, 4, 4, 'pendente'),
(5, 5, 5, 'entregue'),
(6, 6, 6, 'entregue'),
(7, 7, 7, 'a_caminho'),
(8, 8, 8, 'pendente'),
(9, 9, 9, 'entregue'),
(10, 10, 10, 'entregue'),
(11, 11, 11, 'a_caminho'),
(12, 12, 12, 'pendente'),
(13, 13, 13, 'entregue'),
(14, 14, 14, 'entregue'),
(15, 15, 15, 'a_caminho'),
(16, 16, 16, 'pendente'),
(17, 17, 17, 'entregue'),
(18, 18, 18, 'entregue'),
(19, 19, 19, 'a_caminho'),
(20, 20, 20, 'pendente'),
(21, 21, 21, 'entregue'),
(22, 22, 22, 'entregue'),
(23, 23, 23, 'a_caminho'),
(24, 24, 24, 'pendente'),
(25, 25, 25, 'entregue'),
(26, 26, 26, 'entregue'),
(27, 27, 27, 'a_caminho'),
(28, 28, 28, 'pendente'),
(29, 29, 29, 'entregue'),
(30, 30, 30, 'entregue'),
(31, 31, 31, 'a_caminho'),
(32, 32, 32, 'pendente'),
(33, 33, 33, 'entregue'),
(34, 34, 34, 'entregue'),
(35, 35, 35, 'a_caminho'),
(36, 36, 36, 'pendente'),
(37, 37, 37, 'entregue'),
(38, 38, 38, 'entregue'),
(39, 39, 39, 'a_caminho'),
(40, 40, 40, 'pendente'),
(41, 1, 41, 'entregue'),
(42, 2, 42, 'cancelada'),
(43, 3, 43, 'a_caminho'),
(44, 4, 44, 'pendente'),
(45, 5, 45, 'entregue');


-- RELAÇÃO M:N - PRATOS_INGREDIENTES 
INSERT INTO pratos_ingredientes (prato_id, ingrediente_id, quantidade) VALUES
(1, 1, 100), (1, 2, 150), (1, 3, 10),
(2, 1, 100), (2, 2, 150), (2, 4, 80),
(3, 2, 200), (3, 15, 50), (3, 33, 30),
(4, 1, 100), (4, 2, 150), (4, 33, 20),
(5, 2, 150), (5, 4, 100), (5, 17, 50),
(6, 8, 200), (6, 5, 50), (6, 6, 40), (6, 7, 30), (6, 1, 20),
(7, 8, 180), (7, 5, 100), (7, 7, 25), (7, 1, 20),
(8, 40, 200), (8, 7, 30), (8, 1, 25),
(9, 26, 180), (9, 5, 50), (9, 7, 25),
(10, 8, 200), (10, 5, 50), (10, 19, 10),
(11, 9, 150), (11, 11, 200),
(12, 10, 150), (12, 11, 200),
(13, 12, 50), (13, 35, 100),
(14, 9, 100), (14, 10, 100), (14, 11, 200),
(15, 9, 120), (15, 11, 150),
(16, 13, 200), (16, 6, 50), (16, 14, 1), (16, 15, 30),
(17, 13, 250), (17, 8, 150), (17, 2, 100), (17, 15, 50),
(18, 13, 200), (18, 19, 15), (18, 17, 30),
(19, 13, 200), (19, 2, 100), (19, 15, 40),
(20, 13, 200), (20, 2, 150), (20, 15, 50),
(21, 40, 200), (21, 35, 100), (21, 37, 50), (21, 38, 50),
(22, 40, 200), (22, 7, 30), (22, 1, 25),
(23, 42, 150), (23, 7, 30), (23, 12, 30),
(24, 35, 150), (24, 37, 50), (24, 38, 50), (24, 12, 30),
(25, 43, 200), (25, 35, 100), (25, 17, 30),
(26, 8, 150), (26, 17, 30), (26, 1, 20),
(27, 26, 150), (27, 17, 30), (27, 1, 20),
(28, 8, 200), (28, 5, 100), (28, 1, 20),
(29, 5, 150), (29, 2, 100), (29, 1, 20),
(30, 1, 50), (30, 5, 100), (30, 19, 10),
(31, 26, 200), (31, 24, 100), (31, 23, 20),
(32, 28, 200), (32, 24, 100), (32, 23, 20),
(33, 35, 150), (33, 24, 100), (33, 23, 15),
(34, 26, 200), (34, 2, 100), (34, 23, 20),
(35, 11, 200), (35, 8, 150), (35, 23, 20),
(36, 8, 200), (36, 13, 200), (36, 1, 20),
(37, 8, 200), (37, 13, 200), (37, 1, 20),
(38, 8, 200), (38, 13, 200), (38, 1, 20),
(39, 8, 200), (39, 13, 200), (39, 1, 20),
(40, 8, 200), (40, 13, 200), (40, 1, 20),
(41, 8, 200), (41, 13, 200), (41, 1, 20),
(42, 8, 200), (42, 13, 200), (42, 1, 20),
(43, 8, 200), (43, 13, 200), (43, 1, 20),
(44, 8, 200), (44, 13, 200), (44, 1, 20),
(45, 8, 200), (45, 13, 200), (45, 1, 20),
-- Relações para pratos dos restaurantes 11-20 (2º prato de cada)
(46, 1, 100), (46, 2, 150), (46, 4, 100), (46, 19, 15),
(47, 8, 200), (47, 5, 100), (47, 6, 50), (47, 1, 20),
(48, 9, 150), (48, 11, 200), (48, 12, 50),
(49, 13, 200), (49, 20, 30), (49, 17, 30), (49, 18, 20),
(50, 11, 200), (50, 35, 100), (50, 37, 50), (50, 38, 50),
(51, 8, 200), (51, 5, 100), (51, 1, 20), (51, 7, 30),
(52, 32, 150), (52, 24, 100), (52, 23, 20),
(53, 8, 200), (53, 13, 200), (53, 1, 20),
(54, 8, 200), (54, 5, 100), (54, 1, 20),
(55, 30, 200), (55, 38, 100), (55, 20, 30),
-- Relações para pratos dos restaurantes 21-40
(56, 1, 100), (56, 2, 150), (56, 35, 50), (56, 33, 30),
(57, 1, 100), (57, 2, 150), (57, 6, 50),
(58, 8, 200), (58, 5, 50), (58, 7, 30), (58, 1, 20),
(59, 26, 180), (59, 5, 50), (59, 7, 25),
(60, 9, 150), (60, 11, 200), (60, 12, 50),
(61, 9, 120), (61, 11, 150), (61, 12, 50),
(62, 8, 150), (62, 17, 30), (62, 1, 20), (62, 5, 50),
(63, 1, 50), (63, 5, 100), (63, 19, 10), (63, 33, 30),
(64, 13, 200), (64, 20, 30), (64, 17, 30),
(65, 40, 200), (65, 35, 100), (65, 37, 50), (65, 12, 30),
(66, 1, 50), (66, 5, 100), (66, 19, 10), (66, 33, 30),
(67, 26, 200), (67, 24, 100), (67, 23, 20),
(68, 32, 100), (68, 24, 50), (68, 23, 10),
(69, 8, 200), (69, 13, 200), (69, 1, 20),
(70, 8, 200), (70, 13, 200), (70, 1, 20),
(71, 8, 200), (71, 5, 100), (71, 1, 20),
(72, 8, 200), (72, 5, 100), (72, 1, 20),
(73, 9, 150), (73, 11, 200), (73, 12, 50),
(74, 9, 150), (74, 11, 200), (74, 12, 50),
(75, 13, 200), (75, 2, 100), (75, 15, 40),
(76, 13, 200), (76, 19, 15), (76, 17, 30),
(77, 40, 200), (77, 35, 100), (77, 37, 50), (77, 12, 30),
(78, 40, 200), (78, 35, 100), (78, 37, 50),
(79, 8, 200), (79, 5, 100), (79, 1, 20), (79, 33, 30),
(80, 5, 150), (80, 2, 100), (80, 1, 20),
(81, 1, 100), (81, 2, 150), (81, 35, 50),
(82, 1, 100), (82, 2, 150), (82, 35, 50),
(83, 8, 200), (83, 5, 100), (83, 1, 20),
(84, 9, 150), (84, 11, 200), (84, 12, 50),
(85, 9, 150), (85, 11, 200), (85, 12, 50),
(86, 13, 200), (86, 2, 100), (86, 15, 40),
(87, 13, 200), (87, 19, 15), (87, 17, 30),
(88, 40, 200), (88, 35, 100), (88, 37, 50), (88, 12, 30),
(89, 1, 50), (89, 5, 100), (89, 19, 10), (89, 33, 30),
(90, 8, 200), (90, 5, 100), (90, 1, 20), (90, 33, 30),
(91, 5, 150), (91, 2, 100), (91, 1, 20),
(92, 26, 200), (92, 24, 100), (92, 23, 20),
(93, 32, 100), (93, 24, 50), (93, 23, 10),
(94, 8, 200), (94, 13, 200), (94, 1, 20),
(95, 8, 200), (95, 13, 200), (95, 1, 20),
(96, 8, 200), (96, 5, 100), (96, 1, 20),
(97, 8, 200), (97, 5, 100), (97, 1, 20),
(98, 9, 150), (98, 11, 200), (98, 12, 50),
(99, 9, 150), (99, 11, 200), (99, 12, 50),
(100, 8, 200), (100, 5, 100), (100, 1, 20),
(101, 8, 200), (101, 5, 100), (101, 1, 20),
(102, 30, 200), (102, 38, 100), (102, 20, 30),
(103, 30, 200), (103, 38, 100), (103, 20, 30),
(104, 29, 200), (104, 20, 30), (104, 18, 20),
(105, 30, 200), (105, 38, 100), (105, 20, 30),
(106, 30, 200), (106, 38, 100), (106, 20, 30),
(107, 29, 200), (107, 20, 30), (107, 18, 20),
(108, 30, 200), (108, 38, 100), (108, 20, 30),
(109, 30, 200), (109, 38, 100), (109, 20, 30),
(110, 29, 200), (110, 20, 30), (110, 18, 20);



